Date,Speed,MainEngine_Consumption,AuxEngine_Consumption,Cargo_Load,Sea_State,Wind_Speed,Season,Seasonal_Factor,Total_Consumption
1/1/2022,15.01,39.3,4.13,0.83,3,29.73,1,1.1,65.43
1/2/2022,11.48,38.5,5.21,0.67,2,25.78,1,1.1,49.43
1/3/2022,17.6,42.6,4.37,0.52,8,19.23,1,1.1,86.11
1/4/2022,11.93,43.98,6.16,0.56,2,4.17,1,1.1,55.7
1/5/2022,15.61,42.38,4.05,0.94,0,7.11,1,1.1,64.8
1/6/2022,15.6,45.31,4.9,0.95,8,12.18,1,1.1,98.43
1/7/2022,13.11,44.12,4.74,0.86,3,28.29,1,1.1,67.61
1/8/2022,12.49,43.87,4.29,0.97,8,19.59,1,1.1,81.4
1/9/2022,14.14,43.79,4.63,0.76,6,3.23,1,1.1,76.92
1/10/2022,16.01,34.89,4.73,0.68,2,8.81,1,1.1,56.52
1/11/2022,12.88,42.91,4.12,0.53,5,18.64,1,1.1,61.78
1/12/2022,13.31,50.11,4.78,0.54,3,14.39,1,1.1,68.2
1/13/2022,9.41,48.1,4.59,0.62,7,13.33,1,1.1,0.36
1/14/2022,14.16,35.66,5.37,0.9,6,14.46,1,1.1,68.52
1/15/2022,12.81,47.34,5.7,0.52,1,3.62,1,1.1,57.96
1/16/2022,16.13,51.64,6.23,0.6,7,22.51,1,1.1,98.89
1/17/2022,14.18,37.16,4.98,0.83,3,17.84,1,1.1,60.95
1/18/2022,12.07,34.23,5.04,0.75,7,9.11,1,1.1,57.96
1/19/2022,13.91,43.22,5.15,0.91,2,26.81,1,1.1,67.77
1/20/2022,15.75,46.4,5.85,0.86,8,16.63,1,1.1,100.02
1/21/2022,13.76,40.92,5.57,0.59,8,19.65,1,1.1,73.25
1/22/2022,14.12,43.23,6.28,0.66,1,6.93,1,1.1,61.19
1/23/2022,11.38,36.02,4.15,0.8,7,9.02,1,1.1,58.07
1/24/2022,17.71,40.27,5.36,0.74,6,14.36,1,1.1,84.82
1/25/2022,14.53,42.3,3.93,0.78,7,7.94,1,1.1,78.36
1/26/2022,15.01,41.76,6.79,0.89,6,2.28,1,1.1,84.31
1/27/2022,13.59,30.7,6.26,0.66,4,7.72,1,1.1,50.85
1/28/2022,13.46,42.55,4.27,0.56,6,11.74,1,1.1,66.59
1/29/2022,14.89,37.1,5.67,0.67,2,0.2,1,1.1,57.82
1/30/2022,16.04,55.88,6.92,0.87,3,20.02,1,1.1,100.34
1/31/2022,11.97,37.28,5.43,0.95,5,4.62,1,1.1,62.31
2/1/2022,17.02,37.78,6.29,0.53,6,13.92,1,1.1,73.46
2/2/2022,11.8,41.96,4.63,0.91,5,13.85,1,1.1,66.37
2/3/2022,12.54,41.01,4.26,0.86,8,12.25,1,1.1,73.8
2/4/2022,11.02,41.09,5.35,0.76,1,15.55,1,1.1,50.36
2/5/2022,14.73,35.4,5.67,0.9,3,1.44,1,1.1,62.41
2/6/2022,14.02,37.71,5.31,0.66,2,25.05,1,1.1,55.48
2/7/2022,12.37,40.7,5.97,0.94,6,18.09,1,1.1,72.22
2/8/2022,14.4,33.62,4.91,0.72,8,3.68,1,1.1,65.88
2/9/2022,15.16,37.34,3.48,0.74,5,26.37,1,1.1,65
2/10/2022,11.98,32.48,5.91,0.6,1,7.89,1,1.1,41.45
2/11/2022,14.26,32.07,4.38,0.65,3,5.73,1,1.1,49.57
2/12/2022,14.65,37.5,5.02,0.71,7,27.87,1,1.1,70.72
2/13/2022,15.56,47.44,5.39,0.57,4,0.89,1,1.1,77.26
2/14/2022,14,31.18,5.46,0.85,1,24.34,1,1.1,48.31
2/15/2022,11.22,45.58,7.06,0.54,1,1.14,1,1.1,53.26
2/16/2022,11.89,31.44,4.57,0.97,1,11.35,1,1.1,44.24
2/17/2022,12.49,38.46,5.08,0.93,4,2.24,1,1.1,62.35
2/18/2022,12.98,42.37,4.06,0.73,0,11.59,1,1.1,52.98
2/19/2022,15.54,47.6,4.92,0.72,0,13.98,1,1.1,67.63
2/20/2022,16.86,36.16,4.23,0.64,6,25.25,1,1.1,69.68
2/21/2022,14.77,38.35,5.37,0.69,0,16.68,1,1.1,53.7
2/22/2022,13.96,41.9,4.88,0.59,2,25.66,1,1.1,58.62
2/23/2022,15.25,45.04,5.22,0.84,8,28.93,1,1.1,93.37
2/24/2022,10.85,33.22,5.81,0.94,0,4.65,1,1.1,42.54
2/25/2022,15.77,38.04,5.1,0.75,0,10.44,1,1.1,56.84
2/26/2022,12.92,36.29,4.27,0.6,3,18.86,1,1.1,50.5
2/27/2022,13.84,36.57,6.5,0.63,1,12.72,1,1.1,51.9
2/28/2022,14.83,42.12,5.65,0.84,1,25.58,1,1.1,65.25
3/1/2022,13.88,39.47,5.21,0.79,4,16.99,2,1,59.41
3/2/2022,15.04,40.13,3.95,0.61,1,11.15,2,1,50.82
3/3/2022,13.49,40.12,5.41,0.86,4,0.64,2,1,60.97
3/4/2022,14.68,37.78,6.05,0.68,4,5.99,2,1,58.26
3/5/2022,14.18,32.42,4.09,0.7,3,13.74,2,1,45.73
3/6/2022,13.38,36.13,4.35,0.73,8,24.99,2,1,60.01
3/7/2022,9.03,49.9,4.19,0.92,1,5.79,2,1,49.76
3/8/2022,14.49,45.17,6.47,0.57,3,16.87,2,1,62.65
3/9/2022,15.78,35.72,3.87,0.74,2,22.4,2,1,51.98
3/10/2022,17.61,40.1,2.97,0.98,5,8.49,2,1,75.74
3/11/2022,13.04,41.36,5.03,0.57,5,19.99,2,1,56.85
3/12/2022,12.96,45.29,4.8,0.51,3,18.93,2,1,54.83
3/13/2022,16.62,43.98,4.34,0.56,3,0.62,2,1,64.26
3/14/2022,10.6,44.4,3.53,0.87,6,12.8,2,1,59.44
3/15/2022,16.6,45.76,3.29,0.73,3,25.87,2,1,69.49
3/16/2022,13.32,44.29,5.33,0.79,5,5.23,2,1,66.95
3/17/2022,12.4,34.05,3.62,0.54,0,2.02,2,1,35.2
3/18/2022,13.11,36.29,4.56,0.73,0,6.45,2,1,42.67
3/19/2022,13.71,37.11,5.65,0.6,2,9.29,2,1,48.12
3/20/2022,17.65,35.05,5.7,0.71,2,13.79,2,1,57.52
3/21/2022,15.88,45.48,3.84,0.51,1,5.77,2,1,56.82
3/22/2022,11.92,40.13,4.61,0.77,2,0.17,2,1,48.77
3/23/2022,13.72,43.11,5.73,0.54,1,17.3,2,1,51.28
3/24/2022,13.81,38.65,4.68,0.88,7,10.83,2,1,66.8
3/25/2022,14.94,37.36,4.39,0.69,6,5.17,2,1,61.21
3/26/2022,13.37,39.56,5.75,0.63,2,2.21,2,1,50.76
3/27/2022,15.02,47.34,5.71,0.57,5,3.15,2,1,71.79
3/28/2022,14.79,44.87,5.53,0.9,3,26.61,2,1,70.01
3/29/2022,14.8,33.2,5.06,0.82,0,22.76,2,1,44.93
3/30/2022,14.24,36.07,4.8,0.6,3,4.75,2,1,49.52
3/31/2022,18.84,41.43,3.58,0.61,6,1.65,2,1,75.8
4/1/2022,15.38,38.67,4.25,0.73,6,19.41,2,1,65.06
4/2/2022,11.97,48.34,4.38,0.92,1,8.45,2,1,58
4/3/2022,13.14,32.82,4.49,0.84,0,24.89,2,1,40.61
4/4/2022,15.05,44.15,4.03,0.89,6,26.72,2,1,76.28
4/5/2022,15.67,33.94,5.18,0.94,3,17.54,2,1,57.24
4/6/2022,10.45,47.79,3.5,0.77,5,12.65,2,1,58.35
4/7/2022,18.12,34.72,3.86,0.52,8,14.12,2,1,65.77
4/8/2022,12.21,42.41,6.68,0.94,7,5.96,2,1,70.85
4/9/2022,17.34,37.74,4.79,0.82,1,24.49,2,1,58.72
4/10/2022,11.69,35.68,3.27,0.9,2,5.02,2,1,44.03
4/11/2022,12.75,37.09,4.94,0.6,0,15.55,2,1,41.02
4/12/2022,14.12,35.14,6.11,0.67,6,5.36,2,1,57.57
4/13/2022,11.73,37.8,6.08,0.8,5,29.75,2,1,54.49
4/14/2022,12.99,36.25,3.61,0.83,6,6.39,2,1,55.62
4/15/2022,13.53,43.17,4.19,0.88,8,11.18,2,1,74.68
4/16/2022,15.96,40.99,5.06,0.92,6,29.68,2,1,76.81
4/17/2022,16.55,36.97,5.84,0.98,8,12.21,2,1,80.52
4/18/2022,13.73,39.75,5.49,0.86,0,11.9,2,1,51.01
4/19/2022,11.95,39.66,4.12,0.96,8,3.9,2,1,65.07
4/20/2022,17.38,39.4,4.58,0.76,8,10.38,2,1,79.34
4/21/2022,10.09,31.54,4.14,0.64,7,26.74,2,1,40.88
4/22/2022,13.99,43.31,5.9,0.53,6,12.81,2,1,64.77
4/23/2022,15.19,40.37,4.35,0.8,6,29.97,2,1,68.94
4/24/2022,11.8,34.37,6.11,0.54,2,27.64,2,1,40.25
4/25/2022,13.92,38.11,4.52,0.73,8,19.43,2,1,65.03
4/26/2022,14.33,45.88,6.95,0.92,8,6.88,2,1,87.83
4/27/2022,9.73,49.75,5.96,0.66,1,24.88,2,1,49.03
4/28/2022,12.85,38.79,5.79,0.96,8,1.55,2,1,69.71
4/29/2022,12.93,46.27,4.75,0.74,6,21.95,2,1,68.75
4/30/2022,15.77,31.6,5.52,0.67,4,13.89,2,1,51.83
5/1/2022,15.81,42.62,4.33,0.55,8,27.26,2,1,73.12
5/2/2022,15.8,50.19,5.88,0.63,4,1.13,2,1,77.24
5/3/2022,13.64,34.11,3.72,0.56,8,9.26,2,1,53.17
5/4/2022,12.96,38.5,4.02,0.79,4,1.93,2,1,53.89
5/5/2022,15.01,44.64,3.61,0.77,5,5.34,2,1,70.19
5/6/2022,12.98,29.79,6.28,0.96,7,1.97,2,1,54.8
5/7/2022,14.48,43.74,5.06,0.56,2,11.38,2,1,56.19
5/8/2022,18.13,47.18,6.37,0.94,2,21.42,2,1,83.59
5/9/2022,13.31,33.57,2.67,0.78,0,20.29,2,1,38.86
5/10/2022,13.71,40.62,5.79,0.62,5,28.05,2,1,59.96
5/11/2022,17.06,35.39,5.55,0.75,5,25.89,2,1,64.84
5/12/2022,14.5,36.57,4.91,0.65,6,7.45,2,1,58.54
5/13/2022,14.2,44.09,5.88,0.57,7,22.43,2,1,69.94
5/14/2022,16.8,39.88,4.8,0.73,6,7.07,2,1,72.41
5/15/2022,12.6,33.09,4.13,0.61,5,22.96,2,1,45.25
5/16/2022,13.55,42.67,4.48,0.64,7,10.08,2,1,1.2
5/17/2022,12.57,38.15,5.14,0.77,4,6.39,2,1,53.36
5/18/2022,14.07,31.81,4.83,0.59,4,6.21,2,1,45.68
5/19/2022,13.29,36.53,6.04,0.82,2,17.51,2,1,50.92
5/20/2022,14.95,43.31,4.46,0.79,6,29.04,2,1,72.64
5/21/2022,10.68,29.06,5.03,0.56,5,6.53,2,1,36.33
5/22/2022,15.02,52.05,4.95,0.66,4,29.43,2,1,76.5
5/23/2022,12.29,36.48,5.31,0.63,6,12.9,2,1,52.28
5/24/2022,16.23,40.39,3.97,0.57,0,18.19,2,1,50.77
5/25/2022,11.13,34.83,5.17,0.96,5,29.44,2,1,50.8
5/26/2022,11.33,43.24,5.09,0.85,0,6.1,2,1,47.67
5/27/2022,15.57,35.21,1.97,0.5,0,18.29,2,1,40.15
5/28/2022,10.55,42.72,4.43,0.66,0,29.87,2,1,41.56
5/29/2022,13.84,40.18,5.61,0.55,8,4.77,2,1,64.8
5/30/2022,14.83,40.51,5.02,0.9,5,19.91,2,1,68.78
5/31/2022,14.3,45.67,5.42,0.99,7,12.04,2,1,83.63
6/1/2022,10.28,45.41,6.07,0.54,2,2.94,3,0.9,42.2
6/2/2022,13.6,38.41,7.02,0.82,4,6.57,3,0.9,54.2
6/3/2022,14.52,40.86,7.22,0.65,7,27.31,3,0.9,0.71
6/4/2022,18.14,46.76,6.94,0.9,4,2.07,3,0.9,81.32
6/5/2022,18.35,40.92,4.37,0.86,8,8.14,3,0.9,79.4
6/6/2022,17.16,30.42,4.96,0.99,4,25.71,3,0.9,52.87
6/7/2022,15.28,37.37,3.14,0.96,4,11.56,3,0.9,55.15
6/8/2022,13.01,45.58,6.91,0.87,1,21.47,3,0.9,54.21
6/9/2022,12.74,40.86,2.63,0.64,2,7.9,3,0.9,42.56
6/10/2022,12.5,46.45,6.08,0.92,3,13.48,3,0.9,58.79
6/11/2022,11.77,28.12,5.48,0.95,2,6.71,3,0.9,34.82
6/12/2022,14.86,41.97,4.81,0.56,1,24.37,3,0.9,47.26
6/13/2022,12.38,39.98,3.82,0.86,1,11.21,3,0.9,43.53
6/14/2022,14.72,38.81,5.08,0.94,6,16.6,3,0.9,62.62
6/15/2022,13.89,42.71,5.03,0.66,3,17.85,3,0.9,52.35
6/16/2022,14.17,39.66,5.22,0.56,2,5.12,3,0.9,45.84
6/17/2022,15.4,48.34,4.2,0.79,0,15.18,3,0.9,56.36
6/18/2022,17.42,42.07,3.99,0.82,0,6.54,3,0.9,54.7
6/19/2022,13.73,43.33,5.32,0.74,6,7.7,3,0.9,61.5
6/20/2022,13.25,39.59,4.48,0.52,4,3.1,3,0.9,46.23
6/21/2022,17,43.84,4.89,0.69,1,20.52,3,0.9,56.97
6/22/2022,11.35,45.21,5.52,1,8,16.66,3,0.9,66.45
6/23/2022,18.12,35.79,6.73,0.63,5,9.75,3,0.9,60.74
6/24/2022,12.52,44.42,2.52,0.57,4,21.19,3,0.9,48.29
6/25/2022,13.71,44,3.56,0.77,1,18.44,3,0.9,49.11
6/26/2022,14.41,34.94,5.17,0.87,6,24.51,3,0.9,55.04
6/27/2022,14.09,47.5,4.69,0.99,7,27.27,3,0.9,76.27
6/28/2022,13.38,43.85,5.48,0.66,6,14.42,3,0.9,59.47
6/29/2022,13.32,43.52,5.54,0.95,0,29.37,3,0.9,50.26
6/30/2022,9.95,43.34,5.64,0.74,8,0.54,3,0.9,54.02
7/1/2022,14.33,37.28,4.82,0.8,4,6.41,3,0.9,51.74
7/2/2022,13.62,40.08,4.6,0.96,0,2.05,3,0.9,46.74
7/3/2022,13.24,40.13,6.02,0.51,3,28.12,3,0.9,46.2
7/4/2022,11.59,45.33,5.68,0.74,2,6.57,3,0.9,48.62
7/5/2022,15.27,43.87,4.92,0.62,8,27.43,3,0.9,68.54
7/6/2022,13.33,43,4.51,0.66,7,2.33,3,0.9,59.46
7/7/2022,14.3,44.96,5.59,0.84,7,1.92,3,0.9,70.82
7/8/2022,11.18,45.52,4.7,0.53,6,29.14,3,0.9,51.15
7/9/2022,12.03,44.28,6.08,0.62,7,16.46,3,0.9,57.92
7/10/2022,13.5,34.03,4.19,0.54,4,24.25,3,0.9,40.85
7/11/2022,14.68,45.1,6.77,0.86,8,6.15,3,0.9,77.3
7/12/2022,13.61,38.23,5.56,0.88,5,10.03,3,0.9,55.73
7/13/2022,14.16,35.18,5.25,0.52,6,6.3,3,0.9,48.15
7/14/2022,15.94,34.54,4.96,0.63,7,14.49,3,0.9,55.33
7/15/2022,14.66,33.05,3.17,0.73,0,12.64,3,0.9,36.75
7/16/2022,11.7,40.62,6.07,0.66,0,3.3,3,0.9,39.65
7/17/2022,15.16,43.49,5.01,0.58,4,17.18,3,0.9,57.22
7/18/2022,14.42,41.52,4.35,0.94,5,26.37,3,0.9,61.88
7/19/2022,14.53,39.92,4.44,0.85,1,6.97,3,0.9,48.99
7/20/2022,12.52,38.97,5.77,0.68,2,28.49,3,0.9,43.88
7/21/2022,14.48,36.95,5.98,0.51,0,3.25,3,0.9,39.79
7/22/2022,14.55,40.61,4.09,0.97,8,16.16,3,0.9,68.76
7/23/2022,13.2,33.52,2.8,0.83,1,15.98,3,0.9,37.28
7/24/2022,14.98,44.09,4.48,0.73,1,12.01,3,0.9,52.52
7/25/2022,15.01,45.15,4.99,0.5,2,24.61,3,0.9,52.17
7/26/2022,9.12,35.3,4.66,0.89,4,27.85,3,0.9,37.73
7/27/2022,14.17,49.24,4.21,0.78,3,19.77,3,0.9,62.06
7/28/2022,14.13,37.59,5.57,0.7,5,2.68,3,0.9,52.7
7/29/2022,18.61,39.58,5.26,0.62,4,3.07,3,0.9,62.44
7/30/2022,12.59,33.94,6.2,0.7,3,18.42,3,0.9,41.76
7/31/2022,13.34,35.73,5.31,0.87,1,19.56,3,0.9,43.04
8/1/2022,16.83,31.82,5,0.56,4,28.52,3,0.9,46.51
8/2/2022,11.82,43.62,5.76,0.62,0,16.7,3,0.9,41.42
8/3/2022,13.39,45.48,6,0.59,7,18.52,3,0.9,62.94
8/4/2022,15.04,29.6,4.43,0.57,1,26.66,3,0.9,34.73
8/5/2022,12.42,35.57,4.25,0.53,2,19.68,3,0.9,36.71
8/6/2022,13.09,28.76,4.37,0.52,0,4.34,3,0.9,28.65
8/7/2022,12.84,49.73,5.52,0.82,6,22.03,3,0.9,68.69
8/8/2022,12.38,43.01,5.57,0.81,1,5.87,3,0.9,47.48
8/9/2022,15.44,46.12,5.77,0.7,7,16.93,3,0.9,72.88
8/10/2022,15.04,41.34,4.78,0.74,0,27.76,3,0.9,47.85
8/11/2022,16.77,41.71,4.39,0.92,2,6.64,3,0.9,60.77
8/12/2022,13.58,43.32,4.3,0.72,3,12.81,3,0.9,52.44
8/13/2022,14.97,40.55,5.48,0.62,0,25.28,3,0.9,45.54
8/14/2022,13.18,38.57,4.41,0.62,6,8.38,3,0.9,50.51
8/15/2022,13.86,35.07,6.33,0.55,2,15.18,3,0.9,41.58
8/16/2022,14.95,38.73,3.77,0.53,4,15.58,3,0.9,48.64
8/17/2022,16.16,39.26,3.62,0.94,4,20.42,3,0.9,60.43
8/18/2022,13.93,42.63,5.24,0.58,5,26.09,3,0.9,55.42
8/19/2022,14.47,37.75,4.4,0.94,3,13.79,3,0.9,52.47
8/20/2022,14.34,38.31,3.92,0.52,6,16.05,3,0.9,50.73
8/21/2022,11.45,40.67,4.81,0.55,0,10.7,3,0.9,36.45
8/22/2022,13.18,37.45,5.5,0.91,6,21.77,3,0.9,56.19
8/23/2022,11.69,26.77,3.69,0.67,4,2.62,3,0.9,31.08
8/24/2022,13.75,46.83,4.5,0.59,3,29.2,3,0.9,54.35
8/25/2022,14.24,37.06,5.12,0.58,8,18.51,3,0.9,55.45
8/26/2022,11.7,37.14,5.14,0.74,8,7.93,3,0.9,51.64
8/27/2022,15.42,41.82,6.34,0.73,8,3.51,3,0.9,70.95
8/28/2022,17.41,41.45,6.48,0.77,6,10.81,3,0.9,72.69
8/29/2022,13.1,47.69,5.59,0.83,4,13.12,3,0.9,62.14
8/30/2022,13.19,42.97,2.71,0.65,0,24.25,3,0.9,41.8
8/31/2022,12.01,44.47,6.03,0.63,1,28.4,3,0.9,45.21
9/1/2022,14.18,31.05,4.82,0.79,1,2.77,4,1,42.43
9/2/2022,19.46,52.68,4.77,0.55,6,26.51,4,1,96.83
9/3/2022,14.76,38.77,4.11,1,3,13.85,4,1,61.35
9/4/2022,12.55,38.07,6.56,0.57,0,21.13,4,1,42.54
9/5/2022,15.57,43.56,3.4,0.85,2,11.41,4,1,63.48
9/6/2022,14.06,34.38,5.05,0.94,1,25.38,4,1,48.87
9/7/2022,13.35,47.16,4.93,0.84,8,15.13,4,1,80.1
9/8/2022,15.46,35.71,5.6,0.71,7,12.56,4,1,64.96
9/9/2022,17.19,50.63,5.67,0.82,0,19.46,4,1,73.52
9/10/2022,15.19,44.99,4.57,0.72,7,29.46,4,1,77.07
9/11/2022,15.27,44.47,5.53,0.99,4,7.47,4,1,76.2
9/12/2022,15.33,30.74,6.87,0.56,7,21.52,4,1,55.34
9/13/2022,15.28,48.95,5.53,0.79,4,1.06,4,1,77.61
9/14/2022,15.57,40.04,5.14,0.88,6,10.96,4,1,73.05
9/15/2022,12.88,42.37,3.66,0.67,4,24.96,4,1,55.63
9/16/2022,15.55,31.75,4.12,0.84,7,28.01,4,1,59.24
9/17/2022,13.52,39.38,3.47,0.54,7,1.09,4,1,57.27
9/18/2022,14.21,32.89,5.52,0.76,4,10.06,4,1,51.49
9/19/2022,14.09,39.96,3.39,0.97,0,5.81,4,1,1.71
9/20/2022,14.06,33.95,5.97,0.91,4,26.66,4,1,56.02
9/21/2022,11.15,28.3,5.11,0.55,4,25.28,4,1,35.11
9/22/2022,13.59,32.16,4.88,0.57,4,22.03,4,1,44.73
9/23/2022,14.67,44.38,5.89,0.86,7,15.72,4,1,80.13
9/24/2022,15.5,38.12,5.83,0.8,0,19.52,4,1,52.91
9/25/2022,12.72,31.59,5.39,0.62,5,11.13,4,1,45.28
9/26/2022,13.57,40.24,3.76,0.94,7,20.96,4,1,68.32
9/27/2022,13.52,37.13,5.24,0.99,2,10.55,4,1,54.43
9/28/2022,11.84,35.23,3.87,0.91,5,15.72,4,1,50.75
9/29/2022,14.62,42.1,4.34,0.73,0,13.21,4,1,52.34
9/30/2022,12.96,43.25,5.68,0.81,5,9.98,4,1,65.18
10/1/2022,11.38,37.85,6.25,0.6,4,1.84,4,1,47.84
10/2/2022,17.3,44.87,5.25,0.79,1,16.76,4,1,68.3
10/3/2022,15.44,40.04,4.77,0.86,3,29.65,4,1,63.19
10/4/2022,14.7,35.33,4.67,0.56,6,27.71,4,1,55.17
10/5/2022,14.76,39.3,6.93,0.66,7,26.57,4,1,68.92
10/6/2022,14.82,39.39,6.66,0.64,6,13.48,4,1,65.76
10/7/2022,15.26,41.57,5.54,0.85,6,4.68,4,1,74.29
10/8/2022,15.92,41.74,6.01,0.51,4,11.59,4,1,63.03
10/9/2022,18.29,41.01,4.04,0.98,2,23.62,4,1,71.63
10/10/2022,15.24,31.15,3.33,0.67,7,18.12,4,1,52.86
10/11/2022,15.01,34.03,3.22,0.93,6,21.77,4,1,59.53
10/12/2022,18.23,39.8,3.97,0.7,5,17.05,4,1,71.57
10/13/2022,11.63,37.89,5.16,0.77,7,7.37,4,1,56.69
10/14/2022,14.13,53.55,4.2,0.85,5,6.85,4,1,82.75
10/15/2022,16.42,33.25,5.58,0.5,8,5.75,4,1,60.97
10/16/2022,10.89,33.65,5.86,0.54,4,18.72,4,1,40.69
10/17/2022,12.52,54.58,4.18,0.77,3,0.31,4,1,69.22
10/18/2022,15.03,40.62,3.72,0.88,0,25.41,4,1,53.77
10/19/2022,13.17,39.04,5.18,0.8,0,6.29,4,1,47.52
10/20/2022,13.03,38.36,4.94,0.9,4,17.37,4,1,57.27
10/21/2022,16.25,43.07,4.46,0.68,6,15.17,4,1,73.6
10/22/2022,13.86,43.21,6.25,0.72,2,2.98,4,1,58.78
10/23/2022,12.6,37.09,6.24,0.63,1,24.5,4,1,44.59
10/24/2022,9.87,36.55,5.44,0.91,5,20.62,4,1,48.52
10/25/2022,17.22,36.13,5.48,0.75,2,13.9,4,1,58.49
10/26/2022,13.59,39.58,4.62,0.77,0,28.6,4,1,47.93
10/27/2022,18.66,36.81,4.87,0.57,1,9.99,4,1,55.43
10/28/2022,14.62,36.63,5.6,0.97,8,3.74,4,1,72.29
10/29/2022,15.07,47,3.98,0.92,3,16.54,4,1,72.03
10/30/2022,13.66,37.05,3.79,0.97,5,8.6,4,1,59.53
10/31/2022,14.18,37.47,4.52,0.88,6,22.74,4,1,63.47
11/1/2022,12.36,38.33,5.61,0.97,7,0.59,4,1,64.68
11/2/2022,14.03,45.57,5.16,0.78,4,1.37,4,1,67.73
11/3/2022,16.04,32.21,6.14,0.77,0,13.18,4,1,46.8
11/4/2022,14.47,37.55,4.33,0.95,6,20.52,4,1,65.68
11/5/2022,16.37,34.15,5.97,0.91,4,3.35,4,1,62.79
11/6/2022,14.09,43.64,5.13,0.83,3,9.47,4,1,63.85
11/7/2022,12.71,38.68,4.39,0.82,8,24.03,4,1,63.69
11/8/2022,13.24,38,5.98,0.82,6,16.39,4,1,62.02
11/9/2022,14.93,40.36,4.79,0.67,3,2.06,4,1,58.11
11/10/2022,15.01,30.42,5.84,0.85,5,7.78,4,1,54.31
11/11/2022,14.26,41.1,4.42,0.53,5,22.42,4,1,58.3
11/12/2022,17.02,41.44,4.17,0.95,0,0.02,4,1,61.96
11/13/2022,13.8,42.3,5.33,0.95,1,18.78,4,1,58.37
11/14/2022,12.52,40.97,5.16,0.51,8,3.49,4,1,59.95
11/15/2022,9.54,43.22,5.99,0.95,5,24.9,4,1,56.34
11/16/2022,15.68,45.28,4.38,0.91,5,17.94,4,1,78.42
11/17/2022,11.76,37.75,4.61,0.69,7,4.48,4,1,54.62
11/18/2022,12.43,45.97,6.58,0.86,4,17.84,4,1,66.49
11/19/2022,11.56,44.96,3.7,0.89,0,24.23,4,1,49.34
11/20/2022,13.14,29.33,4.31,0.81,7,7.76,4,1,48.79
11/21/2022,12.96,41.77,5.58,0.71,0,10.64,4,1,48.69
11/22/2022,13.98,42.62,6.59,0.84,1,27.89,4,1,58.67
11/23/2022,10.14,33.07,4.19,0.65,1,3.26,4,1,33.51
11/24/2022,13.71,38.3,4.73,0.64,0,2.87,4,1,44.83
11/25/2022,11.75,41.61,6.04,0.56,0,16.78,4,1,43.29
11/26/2022,11.71,36.43,3.52,0.52,4,28.45,4,1,42.82
11/27/2022,14.25,32.33,5.65,0.75,8,2.77,4,1,59.11
11/28/2022,14.38,47.76,5.81,0.51,4,21.07,4,1,65.85
11/29/2022,15.68,43.98,5.17,0.62,8,0.29,4,1,78.26
11/30/2022,13.95,31.64,5.39,0.54,2,3.92,4,1,41.32
12/1/2022,12.37,33.31,6.39,0.62,4,27.31,1,1.1,50.52
12/2/2022,15.61,40.17,4.98,0.89,8,13.08,1,1.1,86.91
12/3/2022,14.67,44.08,4.81,0.81,6,14.56,1,1.1,81.25
12/4/2022,12.58,35.43,6.71,0.84,2,25.19,1,1.1,53.73
12/5/2022,11.97,39.25,3.9,0.52,4,5.93,1,1.1,51.54
12/6/2022,15.56,35.11,4.27,0.92,6,10.62,1,1.1,70.79
12/7/2022,11.75,40.29,5.35,0.51,8,14.46,1,1.1,62.56
12/8/2022,16.33,42.17,4.63,0.53,8,6.41,1,1.1,81.54
12/9/2022,14.44,33.75,2.85,0.91,0,16.16,1,1.1,47.91
12/10/2022,14.83,51.77,6.14,0.97,5,15.01,1,1.1,98.47
12/11/2022,17.67,37.33,4.9,0.65,8,3.25,1,1.1,81.51
12/12/2022,13.73,35.04,4.73,0.55,3,27.82,1,1.1,50.65
12/13/2022,12.08,38.89,4.11,0.76,0,18.29,1,1.1,47.24
12/14/2022,13.85,37.25,3.26,0.71,6,28.75,1,1.1,62.3
12/15/2022,13.3,33.94,4.3,0.65,4,4.84,1,1.1,51.59
12/16/2022,12.52,42.24,4.32,0.69,8,26.48,1,1.1,71.49
12/17/2022,12.17,38.14,5.84,0.71,6,26.44,1,1.1,62.04
12/18/2022,13.04,35.42,5.21,0.68,5,13.6,1,1.1,56.95
12/19/2022,11.66,37.71,5.44,0.84,5,2.71,1,1.1,59.43
12/20/2022,13.23,37.27,3.21,0.71,8,26.77,1,1.1,65.09
12/21/2022,11.86,40.48,4.39,0.95,4,17.52,1,1.1,62.4
12/22/2022,13.27,42.11,4.35,0.62,8,4.38,1,1.1,72.19
12/23/2022,12.71,42.65,7.21,0.91,6,29.58,1,1.1,77.51
12/24/2022,15.01,36.42,5.33,0.78,5,22.43,1,1.1,67.01
12/25/2022,14.62,41.1,7.6,0.56,6,26.73,1,1.1,73.63
12/26/2022,9.69,42.95,5.12,0.85,5,0.96,1,1.1,59.15
12/27/2022,15.15,32.14,5.32,0.71,7,4.81,1,1.1,63.74
12/28/2022,14.2,45.48,5.04,0.78,4,4.57,1,1.1,74.86
12/29/2022,14,32.32,5.03,0.77,2,0.14,1,1.1,50.14
12/30/2022,16.67,32.5,3.22,0.91,0,14.83,1,1.1,51.76
12/31/2022,17.07,39.57,6.92,0.74,0,7.43,1,1.1,64.72
1/1/2023,13.67,33.45,4.69,0.82,7,12.03,1,1.1,62.91
1/2/2023,6.24,40.01,4.2,0.72,8,24.31,1,1.1,45.38
1/3/2023,12.05,35.9,4.19,0.83,8,14.28,1,1.1,63.19
1/4/2023,10.57,26.36,4.82,0.74,3,25.96,1,1.1,35.83
1/5/2023,18.54,41.59,5.02,0.61,2,0.24,1,1.1,72.39
1/6/2023,10.58,39.91,7.12,0.51,5,29.03,1,1.1,53.75
1/7/2023,15.49,37.17,5.32,0.97,7,16.47,1,1.1,80.49
1/8/2023,14.27,37.58,4.51,0.6,8,10.82,1,1.1,68.41
1/9/2023,14.79,35.61,4.96,0.82,5,25.46,1,1.1,65.39
1/10/2023,9.81,42.66,3.52,0.64,5,6.42,1,1.1,53.06
1/11/2023,14.83,32.99,4.04,0.83,6,8.85,1,1.1,62.43
1/12/2023,13.63,44.9,5.16,0.73,0,8.1,1,1.1,58.96
1/13/2023,14.42,34.23,5.5,0.88,2,27.12,1,1.1,56.5
1/14/2023,14.62,40.46,5.39,0.79,5,16.06,1,1.1,72.54
1/15/2023,13.41,40.4,6,0.57,3,14.4,1,1.1,58.45
1/16/2023,12.85,41.67,4.11,0.53,1,21.42,1,1.1,50.39
1/17/2023,14.31,51.77,6.53,0.81,4,10.26,1,1.1,87.84
1/18/2023,15.03,40.11,4.34,0.83,5,8.15,1,1.1,72.8
1/19/2023,12.26,41.5,6.03,0.68,4,1.88,1,1.1,61.45
1/20/2023,15.69,41.13,5.33,0.5,8,11.43,1,1.1,77.75
1/21/2023,12.29,31.78,3.9,0.6,1,25.56,1,1.1,39.21
1/22/2023,14.83,50.45,5.48,0.64,2,13.01,1,1.1,74.4
1/23/2023,10.76,37.33,5.29,0.78,5,7.74,1,1.1,54.7
1/24/2023,12.32,35.41,6.7,0.89,7,25.35,1,1.1,66.1
1/25/2023,11.67,42,5.2,0.74,0,26.35,1,1.1,50.24
1/26/2023,15.61,42.71,4.65,0.83,7,11.16,1,1.1,85.99
1/27/2023,15.36,34.27,4.55,0.8,7,0.08,1,1.1,68.98
1/28/2023,13.11,34.28,6.77,0.53,4,19.32,1,1.1,52.42
1/29/2023,14.94,41.98,6.33,0.81,4,23.2,1,1.1,75.02
1/30/2023,18.55,29.33,4.87,0.64,4,16.53,1,1.1,58.63
1/31/2023,15.01,36.65,4.37,1,2,10.68,1,1.1,62.53
2/1/2023,14.33,43.03,5.64,0.97,1,8.12,1,1.1,67.9
2/2/2023,12.76,43.34,7,0.79,3,23.66,1,1.1,66.61
2/3/2023,14.52,43.87,2.99,0.93,7,28.92,1,1.1,83.55
2/4/2023,12.1,34.75,4.16,0.98,8,7.95,1,1.1,64.71
2/5/2023,17.41,41.04,3.57,0.79,8,10.52,1,1.1,89.7
2/6/2023,14.8,29.64,4.77,0.75,6,14.83,1,1.1,56.26
2/7/2023,15.06,39.61,6.12,0.79,7,28.54,1,1.1,79.75
2/8/2023,12.54,43.31,5.77,0.81,7,10.53,1,1.1,75.82
2/9/2023,12.48,41.06,3.53,0.59,8,14.46,1,1.1,65.86
2/10/2023,14.8,45.14,2.26,0.68,4,17.21,1,1.1,69.67
2/11/2023,14.2,36.9,4.11,0.52,3,1.47,1,1.1,52.89
2/12/2023,16.18,39.96,4.35,0.69,3,24.47,1,1.1,66.97
2/13/2023,14.59,46.57,4.25,0.87,0,15.25,1,1.1,66.16
2/14/2023,11.33,32.51,4.15,0.9,8,7.28,1,1.1,56.83
2/15/2023,15.1,39.23,5.02,0.78,6,25.05,1,1.1,74.3
2/16/2023,16.95,44.7,5.13,0.96,5,24.71,1,1.1,93.1
2/17/2023,14.82,38.55,5.45,0.61,0,1.94,1,1.1,52.66
2/18/2023,15.03,36,4.98,0.93,6,3.59,1,1.1,72.24
2/19/2023,14.1,44.77,4.07,0.91,4,4.94,1,1.1,75.52
2/20/2023,15.19,47.89,5.53,0.81,7,12.28,1,1.1,94.33
2/21/2023,11.97,47.71,5.08,0.58,0,21.54,1,1.1,1.34
2/22/2023,9.93,48.72,5.3,0.74,4,17.61,1,1.1,62.15
2/23/2023,11.65,39.49,7.13,0.79,3,0.16,1,1.1,0.77
2/24/2023,17.32,46.77,5.17,0.54,4,24.83,1,1.1,81.35
2/25/2023,16.48,36.23,3.25,0.68,4,15.27,1,1.1,62.85
2/26/2023,18.44,36.63,4.75,0.97,7,2.96,1,1.1,89.05
2/27/2023,13.28,44.26,4.99,0.84,8,2.74,1,1.1,82.97
2/28/2023,12.49,48.02,5.77,0.65,5,5.96,1,1.1,72.58
3/1/2023,12.66,30.3,6.97,0.68,8,5.01,2,1,52.18
3/2/2023,14.49,44.94,5.26,0.76,7,2.32,2,1,76.61
3/3/2023,16.47,45.03,6.18,0.76,0,6.52,2,1,63.52
3/4/2023,16.14,34.49,4.99,0.65,2,24.3,2,1,50.93
3/5/2023,14.2,32,3.93,0.51,2,12.74,2,1,40.02
3/6/2023,8.63,40.05,4.85,0.66,0,24.39,2,1,35.01
3/7/2023,14.02,48.23,5.07,0.92,3,5.3,2,1,71.57
3/8/2023,16.67,38.23,5.84,0.76,5,2.55,2,1,68.83
3/9/2023,12.31,38.84,6.4,0.65,1,26.4,2,1,46.17
3/10/2023,13.53,41.72,3.94,0.69,1,8.19,2,1,50.3
3/11/2023,12.18,37.41,5.74,0.92,3,18.83,2,1,52.72
3/12/2023,13.99,36.07,4.52,0.77,5,1.06,2,1,56.22
3/13/2023,12.64,38.93,5.87,0.66,6,5.87,2,1,57.67
3/14/2023,17.69,35.09,3.38,0.53,1,3.36,2,1,48.37
3/15/2023,12.45,31.05,5.3,0.89,0,4.18,2,1,38.82
3/16/2023,14.5,34.15,5.56,0.87,8,6.46,2,1,65.49
3/17/2023,16.43,41.54,5.63,0.73,0,12.71,2,1,57.75
3/18/2023,13.27,36.53,6.12,0.97,1,17.33,2,1,51.31
3/19/2023,15.76,37.09,5.71,0.59,3,19.7,2,1,55.42
3/20/2023,13.16,45.46,3.93,1,6,19.6,2,1,73.78
3/21/2023,18,44.25,5.68,0.98,6,27.6,2,1,92.81
3/22/2023,13.06,35.53,5.11,0.81,5,8.12,2,1,54.5
3/23/2023,12.06,37.74,6.11,0.84,7,19.89,2,1,60.78
3/24/2023,14.13,41.03,6.13,0.6,8,17.55,2,1,69.01
3/25/2023,11.37,34.57,4.79,0.92,1,24.12,2,1,41.88
3/26/2023,13.23,42.26,3.65,0.83,4,5.81,2,1,59.92
3/27/2023,13.75,39.46,5.31,0.97,0,4.46,2,1,52.48
3/28/2023,10.88,40.53,6.21,0.57,7,26.34,2,1,54.64
3/29/2023,9.9,42.77,6.87,0.88,8,3.98,2,1,63.58
3/30/2023,16.59,32.29,3.65,0.89,7,0.97,2,1,63.42
3/31/2023,13.48,42.48,6.06,0.7,7,16.58,2,1,68.91
4/1/2023,14.88,46.34,5.55,1,3,12.24,2,1,74.73
4/2/2023,12.45,39.9,4.42,0.72,4,3.05,2,1,53.42
4/3/2023,11.76,38.51,5.24,0.99,4,2.84,2,1,55.73
4/4/2023,14.7,45.34,4.1,0.72,8,0.73,2,1,78.03
4/5/2023,15.19,36.56,6.45,0.88,1,20.29,2,1,55.08
4/6/2023,14.75,41.29,4.63,0.94,5,9.4,2,1,70.1
4/7/2023,13.67,34.45,5.84,0.75,0,12.2,2,1,43.63
4/8/2023,12.15,43.6,4.45,0.77,7,4.74,2,1,65.23
4/9/2023,16.85,43.47,4.4,0.86,3,15.22,2,1,71.92
4/10/2023,14.51,46.99,4.45,0.89,1,25.2,2,1,64.09
4/11/2023,14.15,38.14,6.97,0.86,1,20.24,2,1,54.55
4/12/2023,15.31,45.82,6.03,0.63,8,6.54,2,1,81.53
4/13/2023,12.99,40.29,3.66,0.93,7,19.01,2,1,65.98
4/14/2023,16.69,39.42,4.59,0.75,1,13.07,2,1,57.68
4/15/2023,13.64,48.14,4.34,0.62,0,28.83,2,1,53.92
4/16/2023,15.23,35.4,4.82,0.84,7,10.89,2,1,65.49
4/17/2023,16.36,36.02,5.66,0.91,4,29.58,2,1,65.09
4/18/2023,14.83,28.67,6.36,0.87,1,6.84,2,1,43.98
4/19/2023,12.95,36.14,4.49,0.77,2,19.47,2,1,46.96
4/20/2023,14.96,40.02,4.58,0.88,4,12.99,2,1,64.65
4/21/2023,14.23,43.8,6.16,0.71,0,20.41,2,1,54.87
4/22/2023,12.99,41.28,6.28,0.52,5,26.78,2,1,56.85
4/23/2023,13.49,43.34,5.75,0.92,7,8.65,2,1,75.48
4/24/2023,11.31,38.4,2.77,0.81,1,8.55,2,1,42.05
4/25/2023,13.37,36.53,6.9,0.69,5,4.8,2,1,56.51
4/26/2023,10.29,41.92,3.55,0.7,1,12.8,2,1,41.92
4/27/2023,12.46,44.29,4.93,0.85,8,23.26,2,1,72.41
4/28/2023,14.57,40.51,2.63,0.72,4,19.5,2,1,57.92
4/29/2023,12.18,35.95,5.43,0.92,7,7.56,2,1,59.42
4/30/2023,10.44,38.44,6.8,0.81,7,28.18,2,1,56.38
5/1/2023,12.87,49.4,5.81,0.78,7,15.98,2,1,78.28
5/2/2023,16.75,41.3,5.94,0.58,3,21.07,2,1,63.84
5/3/2023,15.94,30.71,4.74,0.96,8,12.06,2,1,64.57
5/4/2023,13.18,41.07,3.49,0.96,7,9.62,2,1,68.22
5/5/2023,14.63,44.24,5.72,0.99,8,5.63,2,1,86.36
5/6/2023,14.89,43.14,3.56,0.63,1,26.66,2,1,53.88
5/7/2023,15.43,42.77,6.35,0.57,1,6.36,2,1,56.75
5/8/2023,13.11,33.62,6.16,0.71,2,17.4,2,1,45.39
5/9/2023,14.3,34.52,5.43,0.69,3,24.25,2,1,50.11
5/10/2023,14.64,39.66,5.67,0.94,5,5.36,2,1,68.83
5/11/2023,12.89,39.59,5.87,0.96,0,25.33,2,1,50.76
5/12/2023,16.71,44.69,5.26,0.73,1,29.51,2,1,64.96
5/13/2023,12.5,33.81,6.32,0.58,3,27.4,2,1,44.11
5/14/2023,16.64,42.68,4.62,0.57,4,12.04,2,1,66.15
5/15/2023,11.82,47.94,4.95,0.76,3,1.67,2,1,59.86
5/16/2023,13.48,54.66,4.79,0.86,1,7.68,2,1,69.44
5/17/2023,15.01,38.85,4.89,0.57,8,9.89,2,1,66.15
5/18/2023,15.58,46.55,5.95,0.79,3,0.45,2,1,72.82
5/19/2023,14.16,42.98,3.03,0.74,7,10.21,2,1,68.61
5/20/2023,13.45,40.61,4.97,0.65,7,23.87,2,1,63.43
5/21/2023,14.65,30.43,5.67,0.62,4,2.36,2,1,46.86
5/22/2023,14.42,39.48,4.93,0.97,3,10.1,2,1,61.97
5/23/2023,13.81,37.75,6.07,0.55,4,4.85,2,1,53.17
5/24/2023,12.77,39.2,4.98,0.79,3,16.12,2,1,53.25
5/25/2023,11.61,35.13,3.72,0.98,3,26.55,2,1,46.96
5/26/2023,10.15,30.5,5.97,0.64,3,23.96,2,1,35.74
5/27/2023,14.91,46.29,3.82,0.58,2,4.12,2,1,59.47
5/28/2023,15.55,41.02,5.28,0.82,4,21.12,2,1,1.45
5/29/2023,8.9,37.72,5.43,0.97,2,3.79,2,1,41.99
5/30/2023,16.02,38.81,5.54,0.94,3,7,2,1,66.02
5/31/2023,12.71,43.13,5.8,0.9,4,25.39,2,1,63.72
6/1/2023,14.64,35.05,4.66,1,7,15.39,3,0.9,59.73
6/2/2023,13.03,50.32,5.52,0.84,1,0.3,3,0.9,57.11
6/3/2023,13.63,36.93,5.41,0.81,8,13.58,3,0.9,58.8
6/4/2023,11.05,40.35,5.1,0.93,6,26.99,3,0.9,53.21
6/5/2023,16.17,38.84,3.9,0.75,1,24.6,3,0.9,49.3
6/6/2023,14.28,46.67,6.31,0.82,1,2.38,3,0.9,57.34
6/7/2023,16.16,31.54,3.28,0.6,1,5.32,3,0.9,37.9
6/8/2023,13.15,37.17,5.47,0.95,7,5.35,3,0.9,58.52
6/9/2023,12.65,46.59,6.17,0.67,4,3.26,3,0.9,56.76
6/10/2023,15.1,32.69,3.81,0.99,2,10.07,3,0.9,45.66
6/11/2023,11.96,37.61,2.44,0.8,1,18.12,3,0.9,38.07
6/12/2023,13.76,50.04,3.91,0.84,4,18.94,3,0.9,65.33
6/13/2023,14.68,40.06,2.57,0.7,4,8.6,3,0.9,51.5
6/14/2023,15.21,44.33,4.77,1,1,0.15,3,0.9,59.04
6/15/2023,18.02,40.06,4.53,0.78,4,24.82,3,0.9,64.24
6/16/2023,15.68,40.91,3.99,0.96,3,29.05,3,0.9,59.58
6/17/2023,13.47,39.66,3.79,0.73,1,15.53,3,0.9,43.71
6/18/2023,16.47,38.25,5.02,0.63,0,14.04,3,0.9,46.08
6/19/2023,12.2,35.52,5.34,0.61,4,19.94,3,0.9,41.89
6/20/2023,16.31,52.49,6.56,0.83,0,14.78,3,0.9,67.1
6/21/2023,14.14,32.62,3.77,0.94,3,12.42,3,0.9,44.64
6/22/2023,15.88,40.94,3.56,0.86,8,10.77,3,0.9,70.11
6/23/2023,14.28,40.92,4.9,0.56,0,5.99,3,0.9,42.74
6/24/2023,15.79,42.12,5.21,0.55,6,1.11,3,0.9,61.54
6/25/2023,14.86,30.9,4.97,0.74,3,13.03,3,0.9,42.38
6/26/2023,14.41,38.81,3.94,0.97,5,27.74,3,0.9,58.34
6/27/2023,13.24,44.11,4.33,0.53,8,10.6,3,0.9,59.45
6/28/2023,13.1,37.35,4.97,0.58,7,7.63,3,0.9,50.77
6/29/2023,11.79,29.28,4.7,0.82,2,21.07,3,0.9,33.78
6/30/2023,14.93,45,6.52,0.69,4,6.3,3,0.9,62.65
7/1/2023,14.95,37.56,3.96,0.68,0,2.15,3,0.9,41.97
7/2/2023,12.75,42.7,4.13,0.65,1,17.9,3,0.9,43.89
7/3/2023,11.83,34.84,5.26,0.5,3,29.77,3,0.9,37.04
7/4/2023,11.63,43.93,5.32,0.8,2,4.49,3,0.9,48.12
7/5/2023,11.2,37,6.75,0.53,3,2.14,3,0.9,39.36
7/6/2023,12.08,33.86,5.52,0.53,6,9.04,3,0.9,42.19
7/7/2023,9.49,40.41,4.19,0.94,0,6.08,3,0.9,36.5
7/8/2023,12.18,43,4.74,0.52,8,5.31,3,0.9,55.06
7/9/2023,16.71,30.01,4.41,0.59,3,17.64,3,0.9,41.88
7/10/2023,16.03,33.08,5.18,0.64,4,24.04,3,0.9,48.06
7/11/2023,15.22,37.74,4.2,0.99,4,14.57,3,0.9,57.53
7/12/2023,13.65,36.37,5.64,0.9,2,22.12,3,0.9,47.46
7/13/2023,12.67,34.73,5.28,0.8,7,19.65,3,0.9,50.77
7/14/2023,13.3,40.78,5.02,0.69,5,19.26,3,0.9,53.45
7/15/2023,16.75,43.18,4.22,0.92,4,5.51,3,0.9,68.09
7/16/2023,13.3,35.27,5.63,0.81,1,6.69,3,0.9,41.99
7/17/2023,18.24,39.19,5.75,0.67,1,22.15,3,0.9,55
7/18/2023,12.42,39.93,4.05,0.92,1,2.52,3,0.9,44.63
7/19/2023,11.32,40.77,5.46,0.57,5,22.52,3,0.9,46.38
7/20/2023,14.84,37.92,3.81,0.87,5,23.95,3,0.9,56.1
7/21/2023,11.22,43.83,3.5,0.82,1,15.69,3,0.9,43.52
7/22/2023,13.28,42.25,4.81,0.84,0,8.11,3,0.9,46.29
7/23/2023,15.73,37.75,7.52,0.99,8,21.79,3,0.9,74.2
7/24/2023,13.43,35.62,3.72,0.71,6,9.14,3,0.9,48.55
7/25/2023,17.08,37.18,4.15,0.98,5,25.56,3,0.9,64
7/26/2023,12.94,38.66,4.4,0.83,5,16.27,3,0.9,51.86
7/27/2023,14.6,41.92,3.47,0.63,2,19.42,3,0.9,48.75
7/28/2023,15.09,37.46,3.42,0.88,2,20.32,3,0.9,49.2
7/29/2023,16.03,39.57,4.67,0.71,2,16.32,3,0.9,52.19
7/30/2023,15.62,37.7,5,0.95,1,28.28,3,0.9,51.55
7/31/2023,16.78,36.13,5.07,0.9,1,13.33,3,0.9,51.42
8/1/2023,15.98,43.57,6.78,0.68,4,13.66,3,0.9,64.16
8/2/2023,16.53,34.97,6.08,0.87,5,0.1,3,0.9,59.66
8/3/2023,14.95,34.6,5.6,0.93,0,28.29,3,0.9,44.47
8/4/2023,17.41,41.13,5.89,0.77,6,14.82,3,0.9,71.27
8/5/2023,11.11,41.05,3.55,0.61,5,14.48,3,0.9,44.78
8/6/2023,14.99,39.06,5.8,0.86,5,22.8,3,0.9,60.52
8/7/2023,15.16,41.07,5.72,0.99,2,16.12,3,0.9,58.54
8/8/2023,13.99,38.55,6.56,0.94,0,10.29,3,0.9,47.8
8/9/2023,11.33,48.06,4.82,0.94,6,7.12,3,0.9,63.01
8/10/2023,12.19,40.24,6.06,0.91,4,25.24,3,0.9,52.91
8/11/2023,16.62,39.06,4.63,0.8,2,1.49,3,0.9,54.86
8/12/2023,15.87,39.99,4.58,0.92,2,21.01,3,0.9,56.4
8/13/2023,11.62,45.73,4.24,0.51,0,2.38,3,0.9,39.86
8/14/2023,14.05,44.82,4.62,0.8,2,21.88,3,0.9,54.94
8/15/2023,14.63,42.23,4.72,0.62,3,17.81,3,0.9,52.53
8/16/2023,15.77,45.73,5.31,0.61,5,20.75,3,0.9,65.21
8/17/2023,14.72,43.87,4.55,0.63,5,22.08,3,0.9,59.26
8/18/2023,11.38,38.39,5.29,0.96,2,16.01,3,0.9,44.51
8/19/2023,11.75,43,7.61,0.77,3,13.96,3,0.9,51.47
8/20/2023,14.57,37.45,3.31,0.93,6,28.26,3,0.9,57.6
8/21/2023,13.48,37.95,4.08,0.99,1,0.49,3,0.9,46.2
8/22/2023,16.97,42.02,6.67,0.73,7,7.4,3,0.9,1.49
8/23/2023,12.81,35.62,5.06,0.93,1,25.43,3,0.9,42.45
8/24/2023,12.39,35.39,5.74,0.73,3,23.94,3,0.9,42.76
8/25/2023,11.56,29.21,7.42,0.51,2,2.43,3,0.9,32
8/26/2023,11.21,36.95,4.67,0.97,6,27.69,3,0.9,49.71
8/27/2023,12.59,34.1,4.02,0.76,7,28.62,3,0.9,47.45
8/28/2023,13.81,36.52,5.15,1,5,22.37,3,0.9,55.63
8/29/2023,16.83,46.51,5.39,0.68,7,8.39,3,0.9,77.13
8/30/2023,15.84,47.15,3.78,0.83,5,28.02,3,0.9,70.75
8/31/2023,13.06,25.93,5.62,0.83,8,1.19,3,0.9,42.9
9/1/2023,14.3,35.05,4.78,0.72,3,12.74,4,1,50.67
9/2/2023,10.58,36.7,6.61,0.57,6,11.63,4,1,47.93
9/3/2023,12.08,40.27,3.8,0.63,3,0.17,4,1,48.13
9/4/2023,14.09,35.98,4.11,0.91,6,9.51,4,1,61.04
9/5/2023,14.08,43.94,3.88,0.97,1,13.89,4,1,59.91
9/6/2023,13.48,48.91,3.87,0.84,6,3.32,4,1,75.98
9/7/2023,14.73,41.33,6.3,0.99,1,4.04,4,1,61.9
9/8/2023,13.89,35.53,4.6,0.52,2,18.55,4,1,44.26
9/9/2023,13.41,42.35,6.36,0.59,6,1.11,4,1,63.57
9/10/2023,16.92,36.07,3.42,0.75,5,4.53,4,1,62.25
9/11/2023,14.19,41.26,5.76,0.87,7,15.23,4,1,73.6
9/12/2023,13.25,46.6,4.86,0.99,4,29.54,4,1,71.04
9/13/2023,12.55,33.66,5.27,0.97,0,1.43,4,1,42.82
9/14/2023,12.93,45,3.42,0.66,7,20.14,4,1,65.78
9/15/2023,13.65,36.52,2.66,0.65,2,13.54,4,1,44.95
9/16/2023,15.22,41.52,5.14,0.99,1,16.2,4,1,62.1
9/17/2023,16.18,46.92,3.49,1,1,16.97,4,1,70.4
9/18/2023,12.75,47.75,4.34,0.53,4,11.42,4,1,59.31
9/19/2023,16.87,41.91,6.6,0.97,5,2.98,4,1,82.31
9/20/2023,14.38,41.05,6.55,0.86,4,8.38,4,1,66.68
9/21/2023,13.14,44.88,4.94,0.91,0,1.97,4,1,55.57
9/22/2023,14.02,35.62,5.93,0.96,6,13.49,4,1,64.13
9/23/2023,16.17,41.49,4.79,0.69,4,29.95,4,1,66.24
9/24/2023,14.45,41.55,3.39,0.67,8,29.9,4,1,68.81
9/25/2023,14.45,36.42,5.03,0.52,4,15.14,4,1,51.36
9/26/2023,14.07,37.5,3.5,0.82,6,24.1,4,1,60.43
9/27/2023,13.67,33.22,4.95,0.96,0,22.15,4,1,44.5
9/28/2023,16.77,34.39,5.35,0.96,5,21.27,4,1,66.97
9/29/2023,13.8,42.06,5.46,0.91,1,4.3,4,1,57.52
9/30/2023,14.3,37.03,5.89,0.85,3,9.99,4,1,57.19
10/1/2023,16.87,43.52,5.01,0.7,5,4.35,4,1,75.01
10/2/2023,15.09,39.75,4.19,0.93,1,26.66,4,1,57.01
10/3/2023,15.63,34.82,6.83,0.56,0,7.72,4,1,46.07
10/4/2023,17.51,45.04,7.04,0.52,4,27.5,4,1,74.09
10/5/2023,17.35,44.47,5,0.67,0,21,4,1,61.77
10/6/2023,14.83,33.94,4.33,0.95,4,18.89,4,1,56.45
10/7/2023,10.68,45.13,6.37,0.87,6,15.67,4,1,64.19
10/8/2023,11.69,42.55,5.34,0.81,1,15.82,4,1,50.04
10/9/2023,14.51,41.16,3.06,0.97,0,26.06,4,1,53.8
10/10/2023,13.27,38.78,5.33,0.58,5,20.72,4,1,54.75
10/11/2023,14.11,38.73,5.37,0.8,7,29.41,4,1,67.02
10/12/2023,15.89,42.85,5.08,0.98,4,13.43,4,1,75.09
10/13/2023,13.58,39.17,6.5,0.79,5,0.23,4,1,62.36
10/14/2023,11.32,37.85,5.14,0.72,0,12.75,4,1,40.51
10/15/2023,17.55,38.92,3.55,0.89,7,19.73,4,1,78
10/16/2023,12.36,43.67,4.78,0.72,5,27.05,4,1,60.46
10/17/2023,15.08,43.2,4.66,0.79,7,24.65,4,1,75.97
10/18/2023,12.19,44.87,3.95,0.76,6,15.33,4,1,63.66
10/19/2023,14.89,44.58,3.59,0.62,5,3.04,4,1,65.92
10/20/2023,13.77,33.56,4.52,0.66,0,11.77,4,1,40
10/21/2023,17.58,32.82,6.73,0.59,3,23.08,4,1,55.51
10/22/2023,13.51,44.02,4.19,0.52,7,26.88,4,1,63.88
10/23/2023,13.14,35.45,4.82,0.93,4,4.58,4,1,54.2
10/24/2023,15.51,46.63,5.23,0.75,5,3.72,4,1,76.59
10/25/2023,14.6,39.29,5.66,0.87,6,9.66,4,1,69.04
10/26/2023,17.27,34.51,5.47,0.55,1,21.58,4,1,49.88
10/27/2023,15.05,36.42,4.27,0.66,2,21.12,4,1,50.19
10/28/2023,14.72,41.73,5.97,0.88,6,6.63,4,1,73.9
10/29/2023,13,36.6,4.72,0.63,1,7.2,4,1,43.34
10/30/2023,16.82,48.4,5.35,0.96,3,28.55,4,1,83.6
10/31/2023,17.56,44.73,4.46,0.74,3,23.22,4,1,72.99
11/1/2023,14.5,42.73,6.33,0.87,3,0.11,4,1,66.48
11/2/2023,14.38,46.08,5.02,0.7,5,3.49,4,1,70.4
11/3/2023,14.32,26.8,4.01,0.56,8,4.74,4,1,44.9
11/4/2023,19.23,34.28,6.37,0.68,8,28.02,4,1,76.98
11/5/2023,12.12,48.45,5.96,0.96,5,12.17,4,1,73.04
11/6/2023,12.77,38.28,4.19,0.87,6,4.1,4,1,59.45
11/7/2023,13.39,36.95,5.49,0.85,7,22.01,4,1,63.3
11/8/2023,13.27,38.53,5.94,0.91,3,8.8,4,1,57.43
11/9/2023,14.21,40.46,4.69,0.7,6,4.39,4,1,64.08
11/10/2023,15.55,35.69,4.51,0.73,1,14.85,4,1,49.64
11/11/2023,12.05,27.87,4.47,0.55,6,23.24,4,1,38.73
11/12/2023,11.48,33.7,5.41,0.83,2,21.77,4,1,42.61
11/13/2023,12.35,36.78,5.15,0.92,8,17.07,4,1,62.98
11/14/2023,11.05,34.96,4.45,0.89,3,9.74,4,1,44.64
11/15/2023,19.41,36.41,5.28,0.69,0,14.59,4,1,56.92
11/16/2023,16.99,40,5.67,0.64,7,15.75,4,1,74.78
11/17/2023,12.8,38.61,4.29,0.57,5,7.77,4,1,1.55
11/18/2023,14.03,35.06,4.66,0.81,5,24.77,4,1,55.93
11/19/2023,16.34,42.1,5.06,0.97,5,26.37,4,1,78.28
11/20/2023,11.34,37.47,5.2,0.8,5,28.12,4,1,51.85
11/21/2023,13.47,34.45,4.41,0.71,3,2.57,4,1,47.19
11/22/2023,15.02,43.24,5.45,0.98,0,4.27,4,1,60.96
11/23/2023,16.65,43.08,5.29,0.79,6,8.41,4,1,79.42
11/24/2023,11.73,44.89,4.22,0.89,2,28.32,4,1,55.33
11/25/2023,13.08,40.59,4.58,0.69,1,23.77,4,1,48.63
11/26/2023,12.49,42.79,5.6,0.75,1,27.02,4,1,51.71
11/27/2023,16.95,44.6,2.35,0.55,8,29.19,4,1,76.9
11/28/2023,13.88,36.39,5.13,0.9,0,18.65,4,1,47.93
11/29/2023,16.9,42.66,4.55,0.89,5,22.87,4,1,78.02
11/30/2023,13.23,44.78,5.6,0.64,3,18.04,4,1,58.75
12/1/2023,16.84,40.89,5.19,0.54,3,21.61,1,1.1,67.64
12/2/2023,14.81,40.32,7.09,0.83,1,29.27,1,1.1,64.54
12/3/2023,14.99,48.26,3.15,0.71,6,5.06,1,1.1,83.51
12/4/2023,11.08,49.13,6.81,0.73,7,7.11,1,1.1,77.51
12/5/2023,11.18,38.5,5.18,0.88,6,4.27,1,1.1,61.83
12/6/2023,13.68,35.32,5.34,0.86,8,8.05,1,1.1,70.37
12/7/2023,14.48,45.54,6.16,0.76,3,29.43,1,1.1,74.01
12/8/2023,10.89,42.57,6.72,0.62,7,23.76,1,1.1,64.78
12/9/2023,12.87,41.95,6.27,0.71,1,28.21,1,1.1,57.01
12/10/2023,12.93,39.51,5.93,0.83,5,13.05,1,1.1,66.85
12/11/2023,11.54,39.07,3.81,0.75,6,7.55,1,1.1,59.14
12/12/2023,13.66,47.49,6.8,0.68,4,28.75,1,1.1,75.56
12/13/2023,8.73,36.01,4.96,0.97,3,28.83,1,1.1,45.36
12/14/2023,13.61,40.35,5.13,0.57,4,20.15,1,1.1,60.52
12/15/2023,16.46,35.41,5.38,0.99,6,12.93,1,1.1,78.43
12/16/2023,18.08,36.38,5.99,0.55,1,18.57,1,1.1,59.98
12/17/2023,11.04,35.25,5.13,0.92,1,0.37,1,1.1,46.47
12/18/2023,11.43,38.04,3.8,0.66,3,12.52,1,1.1,49.11
12/19/2023,11.05,37.75,4.41,0.6,5,27.16,1,1.1,51.33
12/20/2023,15.61,40.45,3.16,0.88,6,28.96,1,1.1,77.71
12/21/2023,12.35,36.76,5.28,0.67,5,16.63,1,1.1,56.69
12/22/2023,12.41,28.8,6.98,0.63,3,10.03,1,1.1,43.79
12/23/2023,12.31,41.07,6.57,0.63,4,15.63,1,1.1,60.55
12/24/2023,16.78,39.52,4.15,0.91,4,20.88,1,1.1,1.44
12/25/2023,13.1,38.66,5.61,0.95,4,21.84,1,1.1,65.87
12/26/2023,11.25,41.5,3.72,0.54,0,5.04,1,1.1,43.67
12/27/2023,12.17,46.66,5,0.99,0,8.86,1,1.1,61.82
12/28/2023,16.21,36.2,4.99,0.7,1,29.17,1,1.1,57.06
12/29/2023,15.44,31.49,2.67,0.7,6,3.36,1,1.1,56.64
12/30/2023,14.94,43.38,6.38,0.92,0,21.19,1,1.1,67.03
12/31/2023,13.33,41.5,5.3,0.9,3,17.39,1,1.1,66.4
